Title,Price,Rating,Image,Type
"ASUS Vivobook 15, Smartchoice,Intel Core i5 13th Gen 13420H,16GB RAM, 512GB SSD, FHD 15.6"",Windows 11, Office Home 2024, Quiet Blue, 1.70 kg, X1502VA-BQ836WS,Intel UHD iGPU, M365 Basic (1Year)* Laptop","61,990",4.2 out of 5 stars,https://m.media-amazon.com/images/I/818iNyzckGL._AC_UY218_.jpg,Ad
"Lenovo IdeaPad Slim 3, 12th Gen Intel Core i5-12450H (16GB LPDDR5, 512GB SSD), Anti-glare, FHD 15.6""(39.6cm), Win 11, Office Home 2024, Arctic Grey, 1.62Kg, 83ER00MDIN, Thin & Light, Backlit KB Laptop","60,900",4.0 out of 5 stars,https://m.media-amazon.com/images/I/81leoJuYYaL._AC_UY218_.jpg,Ad
"HP 15, 13th Gen Intel Core i3-1315U (12GB DDR4, 512GB SSD) FHD, Anti-Glare, Micro-Edge, 15.6''/39.6cm, Win11, M365 Basic(1yr)* Office24, Silver, 1.59kg, fd0573TU, FHD Camera w/Shutter Laptop","52,690",4.1 out of 5 stars,https://m.media-amazon.com/images/I/71FXHAM+jWL._AC_UY218_.jpg,Organic
"ASUS TUF A15 (2025), AMD Ryzen 7 7445HS,RTX 3050-4GB,75W TGP,16GB DDR5(Upgradeable Upto 64GB) 512GB SSD,FHD,15.6"",144Hz,RGB Keyboard,Windows 11,Graphite Black,2.3 Kg FA506NCG-HN199W, Gaming Laptop","67,990",4.3 out of 5 stars,https://m.media-amazon.com/images/I/81nPkLHN3vL._AC_UY218_.jpg,Organic
"Lenovo IdeaPad Slim 3, 12th Gen Intel Core i5-12450H (16GB LPDDR5, 512GB SSD), Anti-glare, FHD 15.6""(39.6cm), Win 11, Office Home 2024, Arctic Grey, 1.62Kg, 83ER00MDIN, Thin & Light, Backlit KB Laptop","60,900",4.0 out of 5 stars,https://m.media-amazon.com/images/I/81leoJuYYaL._AC_UY218_.jpg,Organic
"Dell 15 (Previously Inspiron) Laptop, 14th Gen Intel Core 3 100U Processor, 8GB DDR4, 512 SSD, 15.6"" NT FHD 120Hz IPS AG 250 nit Display, Win 11 + Office H&S 2024, Carbon Black, Thin & Light- 1.63Kg","49,990",4.1 out of 5 stars,https://m.media-amazon.com/images/I/717WZ7WriwL._AC_UY218_.jpg,Organic
"acer SmartChoice Aspire Lite, AMD Ryzen 5-5625U Processor, 16 GB/512 GB, Full HD, 15.6""/39.62 cm, Windows 11 Home, Steel Gray, 1.59 kg, AL15-41, Metal Body, Thin and Light Laptop","45,990",4.0 out of 5 stars,https://m.media-amazon.com/images/I/718UBZxpxrL._AC_UY218_.jpg,Organic
"HP 15, 13th Gen Intel Core i5-1334U (16GB DDR4, 1TB SSD) FHD, Anti-Glare, Micro-Edge, 15.6''/39.6cm, Win11, M365(1yr) Office24, Silver, 1.59kg, FD0552TU, Iris Xe, FHD Camera w/Shutter, Backlit Laptop","64,990",3.9 out of 5 stars,https://m.media-amazon.com/images/I/71H9R4OoBOL._AC_UY218_.jpg,Organic
"HP 15 (2026), AMD Athlon Dual Core 7120U - (8 GB DDR5/512 GB SSD/AMD Radeon 610M Graphics/DOS) Thin and Light Business Laptop/15.6"" HD Display/Turbo Silver/Copilot Key/1.5kg","39,800",2.0 out of 5 stars,https://m.media-amazon.com/images/I/718-7YE0WQL._AC_UY218_.jpg,Organic
"Dell G15, 13th Gen Intel Core i5-13450HX Processor, NVIDIA RTX 3050-6GB, (16GB RAM 1TB SSD) FHD 15.6""/39.62 cm, Orange Backlit Keyboard, Win 11, MS Office'24, Dark Shadow Grey, 2.65Kg Gaming Laptop","80,990",4.0 out of 5 stars,https://m.media-amazon.com/images/I/61ko2a0owDL._AC_UY218_.jpg,Organic
"Lenovo Smartchoice Ideapad Slim 3, 13th Gen Intel Core i7 13620H, 16GB RAM, 512GB SSD, WUXGA IPS, 15.3""/38.8cm, Win 11, Office 2024, Top Metal Cover Grey, 1.6Kg, 83K100CJIN/S1IN, Backlit KB, Laptop","76,990",4.1 out of 5 stars,https://m.media-amazon.com/images/I/71IjxF4prWL._AC_UY218_.jpg,Ad
"HP 15, 13th Gen Intel Core i5-1335U (16GB DDR4,512GB SSD) FHD, Anti-Glare,Micro-Edge, 15.6''/39.6cm, Win11, M365(1yr)* Office24, Silver,1.59kg, fd0467tu, Iris Xe, FHD Camera w/Shutter, Backlit Laptop","59,990",4.0 out of 5 stars,https://m.media-amazon.com/images/I/71r0BBNmBOL._AC_UY218_.jpg,Ad
"HP 15, 13th Gen Intel Core i3-1315U Laptop (8GB DDR4,512GB SSD) Anti-Glare, Micro-Edge,15.6''/39.6cm, FHD, Win11,M365 Basic(1yr),Office Home24, Silver,1.59kg, FHD Camera w/Privacy Shutter, fd0569TU","47,600",4.2 out of 5 stars,https://m.media-amazon.com/images/I/61R5Ecv7i-L._AC_UY218_.jpg,Organic
"ASUS Vivobook 15, Smartchoice, AMD Ryzen 7 5825U, 16GB RAM, 512GB SSD, FHD 15.6"", Windows 11, Office Home 2024, Quiet Blue, 1.7Kg, M1502YA-BQ703WS, AMD Radeon iGPU, M365 Basic (1Year)*, 42Whr Laptop","55,990",4.1 out of 5 stars,https://m.media-amazon.com/images/I/71zMooVIVAL._AC_UY218_.jpg,Organic
"Apple 2026 MacBook Neo 13"" Laptop with A18 Pro chip: Built for AI and Apple Intelligence, Liquid Retina Display, 8GB Unified Memory, 512GB SSD Storage, 1080p FaceTime HD Camera, Touch ID; Indigo","72,400",4.8 out of 5 stars,https://m.media-amazon.com/images/I/61vTx-Qa1QL._AC_UY218_.jpg,Organic
"acer Aspire Lite, AMD Ryzen 3 5300U Processor, 16 GB RAM, 512GB SSD, Full HD, 15.6""/39.62cm, Windows 11 Home, Steel Gray, 1.59KG, AL15-41, Metal Body, Premium Thin and Light Laptop","44,990",4.0 out of 5 stars,https://m.media-amazon.com/images/I/513p8BwV-RL._AC_UY218_.jpg,Organic
"ASUS Chromebook CX1405 (2026), Intel N50 Processor, Intel UHD iGPU, 8GB RAM, 128GB SSD, FHD, 14"" (35.5 cm), Chrome OS, Pure Grey, 1.39 Kg, CX1405CTA-S60622, 42WHrs, Thin & Light Laptop","32,990",5.0 out of 5 stars,https://m.media-amazon.com/images/I/61d+uhYgdNL._AC_UY218_.jpg,Organic
"HP 15, Intel Core Ultra 5 125H (16GB DDR5, 1TB SSD) FHD, IPS, 15.6''/39.6cm, Win11, M365 Basic(1yr)*Office24, Silver, 1.65kg, fd1354TU, Intel Arc Graphics, FHD Camera w/Shutter, AI Powered Laptop","79,990",3.7 out of 5 stars,https://m.media-amazon.com/images/I/71dyfY6G0aL._AC_UY218_.jpg,Organic
"ASUS Gaming V16 (2025), Intel Core 5 210H, RTX 3050-6GB, 16GB RAM, 512GB SSD, FHD+, 16"", 40 cm, Windows 11 Home, M365 Basic(1yr)* Office24, Matte Black, 1.95 Kg, V3607VJ-RP134WS, Gaming Laptop","69,990",4.5 out of 5 stars,https://m.media-amazon.com/images/I/71-7wPSmOJL._AC_UY218_.jpg,Organic
"Lenovo Smartchoice Ideapad Slim 3, 13th Gen Intel Core i7 13620H, 16GB RAM, 512GB SSD, WUXGA IPS, 15.3""/38.8cm, Win 11, Office 2024, Top Metal Cover Grey, 1.6Kg, 83K100CJIN/S1IN, Backlit KB, Laptop","76,990",4.1 out of 5 stars,https://m.media-amazon.com/images/I/71IjxF4prWL._AC_UY218_.jpg,Organic
"HP 15s, 12th Gen Intel Core i3-1215U (8GB DDR4, 512GB SSD) Anti-Glare, 15.6""/39.6cm,FHD, Win 11, MS Office 21, Silver, 1.69kg, fy5006tu/fd0751tu/fd0752tu, UHD Graphics, HD Camera, Dual Speakers Laptop","48,400",4.1 out of 5 stars,https://m.media-amazon.com/images/I/71+gQ9gOTuL._AC_UY218_.jpg,Ad
"ASUS Vivobook 15, Intel Core i3 13th Gen 1315U, 12GB RAM, 512GB SSD, FHD 15.6"", Windows 11, Office Home 2024, Cool Silver, 1.7Kg, X1504VA-BQ331WS, Intel UHD iGPU, Thin & Light, 42Whrs Laptop","45,990",4.2 out of 5 stars,https://m.media-amazon.com/images/I/71bIUPAleZL._AC_UY218_.jpg,Ad
"Lenovo Smartchoice Ideapad Slim 3, 13th Gen Intel Core i7 13620H, 16GB RAM, 512GB SSD, WUXGA IPS, 15.3""/38.8cm, Win 11, Office 2024, Top Metal Cover Grey, 1.6Kg, 83K100CJIN/S1IN, Backlit KB, Laptop","76,990",4.1 out of 5 stars,https://m.media-amazon.com/images/I/71IjxF4prWL._AC_UY218_.jpg,Ad
"Lenovo V14 Intel Core i3 13th Gen 14"" FHD (1920x1080) Antiglare 250 Nits Thin and Light Laptop (8GB RAM/512GB SSD/Windows 11 Home/Office Home 2024/Iron Grey/1.43 kg), 83A0A0PBIN","63,990",4.9 out of 5 stars,https://m.media-amazon.com/images/I/71odoZVRgaL._AC_UY218_.jpg,Ad
"acer Aspire Lite, AMD Ryzen 3 5300U Processor, 16 GB RAM, 512GB SSD, Full HD, 15.6""/39.62cm, Windows 11 Home, Steel Gray, 1.59KG, AL15-41, Metal Body, Premium Thin and Light Laptop","44,990",4.0 out of 5 stars,https://m.media-amazon.com/images/I/513p8BwV-RL._AC_UY218_.jpg,Organic
"ASUS Vivobook Go 14, AMD Ryzen 5 7520U, 16GB RAM, 512GB SSD, FHD, 14"", 60Hz,42WHrs, Windows 11, M365 Basic (1Year)*,Office Home 2024, Mixed Black, 1.38 kg, E1404FA-EB774WS, Thin & Light Laptop","46,990",4.4 out of 5 stars,https://m.media-amazon.com/images/I/71AfM5k3J4L._AC_UY218_.jpg,Organic
"HP Professional 14 (2026), Intel (i5 14th Gen) Core 5 120U - (16 GB/512 GB SSD/Intel Iris Xe Graphics/Windows 11 Pro) Business Laptop/14.0"" FHD/Backlit + FingerPrint/Silver/Copilot Key/1.4kg/MS Office","62,350",N/A,https://m.media-amazon.com/images/I/71VBfzaHWnL._AC_UY218_.jpg,Organic
"Apple 2026 MacBook Neo 13″ Laptop with A18 Pro chip: Built for AI and Apple Intelligence, Liquid Retina Display, 8GB Unified Memory, 256GB SSD Storage, 1080p FaceTime HD Camera; Indigo","67,900",4.7 out of 5 stars,https://m.media-amazon.com/images/I/61vTx-Qa1QL._AC_UY218_.jpg,Organic
"Dell G15, 13th Gen Intel Core i5-13450HX Processor, NVIDIA RTX 3050-6GB, (16GB RAM 1TB SSD) FHD 15.6""/39.62 cm, Orange Backlit Keyboard, Win 11, MS Office'24, Dark Shadow Grey, 2.65Kg Gaming Laptop","80,990",4.0 out of 5 stars,https://m.media-amazon.com/images/I/61ko2a0owDL._AC_UY218_.jpg,Organic
"Zebronics-NS1000 Laptop Stand Featuring Foldable Design, Anti-Slip Silicone Rubber Pads, Supports Maximum of 5kgs Weight, 6 Adjustable Levels.",184,3.6 out of 5 stars,https://m.media-amazon.com/images/I/51B4emQb6yL._AC_UY218_.jpg,Organic
"HP 15, 13th Gen Intel Core i5-1334U (16GB DDR4, 1TB SSD) FHD, Anti-Glare, Micro-Edge, 15.6''/39.6cm, Win11, M365(1yr) Office24, Silver, 1.59kg, FD0552TU, Iris Xe, FHD Camera w/Shutter, Backlit Laptop","64,990",3.9 out of 5 stars,https://m.media-amazon.com/images/I/71H9R4OoBOL._AC_UY218_.jpg,Organic
"HP 15, AMD Ryzen 3 7320U (8GB LPDDR5, 512GB SSD) FHD, Anti-Glare, Micro-Edge, 15.6""/39.6cm, Win 11, Office 21, Silver, 1.59kg, fc0154AU, AMD Radeon Graphics, 1080p FHD Camera Laptop","46,599",4.0 out of 5 stars,https://m.media-amazon.com/images/I/61SHFVKs+AL._AC_UY218_.jpg,Organic
"ASUS Vivobook 15, Smartchoice,Intel Corei5 13thGen 13420H, 16GB RAM, 512GB SSD, FHD 15.6"", Win11, Office Home'24, M365 Basic (1Year)*, Cool Silver, 1.70kg, X1502VA-BQ835WS, Intel UHD iGPU, Laptop","59,990",4.2 out of 5 stars,https://m.media-amazon.com/images/I/81gNMbbeqvL._AC_UY218_.jpg,Ad
"Lenovo V15 Intel Core i5 13th Gen 15.6"" (39.62 cm) FHD (1920x1080) Antiglare 250 Nits Thin and Light Laptop (8GB RAM/512GB SSD/Windows 11 Home/Iron Grey/1Y Onsite +1Y ADP/1.65 kg), 83CC000EIN","57,910",N/A,https://m.media-amazon.com/images/I/41HjjJGoDYL._AC_UY218_.jpg,Ad
"HP Pavilion Plus, Intel Core i5-1335U-13th Gen Laptop, (16GB LPDDR5x,512GB SSD),IPS, 300 nits, 14''(35.6cm) 2K,Win 11, M365 Basic(1yr), Office Home 24, Silver,1.38kg, 5MP Camera w/Shutter, ew0107TU","64,990",3.7 out of 5 stars,https://m.media-amazon.com/images/I/61s8J1vGi0L._AC_UY218_.jpg,Organic
"ASUS Vivobook 15, Smartchoice,Intel Core i5 13th Gen 13420H,16GB RAM, 512GB SSD, FHD 15.6"",Windows 11, Office Home 2024, Quiet Blue, 1.70 kg, X1502VA-BQ836WS,Intel UHD iGPU, M365 Basic (1Year)* Laptop","61,990",4.2 out of 5 stars,https://m.media-amazon.com/images/I/818iNyzckGL._AC_UY218_.jpg,Organic
"ASUS Chromebook CX1405 (2026), Intel N50 Processor, Intel UHD iGPU, 8GB RAM, 128GB SSD, FHD, 14"" (35.5 cm), Chrome OS, Pure Grey, 1.39 Kg, CX1405CTA-S60622, 42WHrs, Thin & Light Laptop","32,990",2.7 out of 5 stars,https://m.media-amazon.com/images/I/61d+uhYgdNL._AC_UY218_.jpg,Organic
"ASUS Vivobook 15, Smartchoice, AMD Ryzen 7 5825U, 16GB RAM, 512GB SSD, FHD 15.6"", Windows 11, Office Home 2024, Quiet Blue, 1.7Kg, M1502YA-BQ703WS, AMD Radeon iGPU, M365 Basic (1Year)*, 42Whr Laptop","55,990",4.1 out of 5 stars,https://m.media-amazon.com/images/I/71zMooVIVAL._AC_UY218_.jpg,Organic
"acer Aspire Lite 12th Gen Intel Core i5-12450H, Office 2024 + M365 Basic, 16GB RAM/512GB SSD, 39.62cm(15.6"") FHD IPS Display Win11H, Pure Silver, 1.7KG,AL15-52H, Backlit KB, Thin & Light Laptop","57,990",4.0 out of 5 stars,https://m.media-amazon.com/images/I/81qzE9lsXkL._AC_UY218_.jpg,Organic
"HP 15, 13th Gen Intel Core i3-1315U Laptop (8GB DDR4,512GB SSD) Anti-Glare, Micro-Edge,15.6''/39.6cm, FHD, Win11,M365 Basic(1yr),Office Home24, Silver,1.59kg, FHD Camera w/Privacy Shutter, fd0569TU","47,600",4.2 out of 5 stars,https://m.media-amazon.com/images/I/61R5Ecv7i-L._AC_UY218_.jpg,Organic
Thomson NEO 14.1 Inch IN-P14C Intel Celeron Dual Core N4020 Processor & Window 11 Home Notebook (4 GB RAM DDR4/ 128 GB SSD/Numeric Touch Pad/Thin & Light Weight/Silver),"12,990",3.6 out of 5 stars,https://m.media-amazon.com/images/I/71IWq5rtazL._AC_UY218_.jpg,Organic
"HP 15, Intel Core Ultra 5 125H (16GB DDR5, 1TB SSD) FHD, IPS, 15.6''/39.6cm, Win11, M365 Basic(1yr)*Office24, Silver, 1.65kg, fd1354TU, Intel Arc Graphics, FHD Camera w/Shutter, AI Powered Laptop","79,990",3.7 out of 5 stars,https://m.media-amazon.com/images/I/71dyfY6G0aL._AC_UY218_.jpg,Organic
"ASUS Vivobook 15, Intel Core i3 13th Gen 1315U, 12GB RAM, 512GB SSD, FHD 15.6"", Windows 11, Office Home 2024, Cool Silver, 1.7Kg, X1504VA-BQ331WS, Intel UHD iGPU, Thin & Light, 42Whrs Laptop","45,990",4.2 out of 5 stars,https://m.media-amazon.com/images/I/71bIUPAleZL._AC_UY218_.jpg,Ad
"Lenovo IdeaPad Slim 3, 12th Gen Intel Core i5-12450H (16GB LPDDR5, 512GB SSD), Anti-glare, FHD 15.6""(39.6cm), Win 11, Office Home 2024, Arctic Grey, 1.62Kg, 83ER00MDIN, Thin & Light, Backlit KB Laptop","60,900",4.0 out of 5 stars,https://m.media-amazon.com/images/I/81leoJuYYaL._AC_UY218_.jpg,Ad
"ASUS Vivobook 15, Smartchoice,Intel Corei5 13thGen 13420H, 16GB RAM, 512GB SSD, FHD 15.6"", Win11, Office Home'24, M365 Basic (1Year)*, Cool Silver, 1.70kg, X1502VA-BQ835WS, Intel UHD iGPU, Laptop","59,990",4.2 out of 5 stars,https://m.media-amazon.com/images/I/81gNMbbeqvL._AC_UY218_.jpg,Ad
"Lenovo Smartchoice Ideapad Slim 3, 13th Gen Intel Core i7 13620H, 16GB RAM, 512GB SSD, WUXGA IPS, 15.3""/38.8cm, Win 11, Office 2024, Top Metal Cover Grey, 1.6Kg, 83K100CJIN/S1IN, Backlit KB, Laptop","76,990",4.1 out of 5 stars,https://m.media-amazon.com/images/I/71IjxF4prWL._AC_UY218_.jpg,Ad
"HP Omnibook 5 OLED (Previously Pavilion), Snapdragon X Processor (16GB LPDDR5x,1TB SSD) 2K OLED,16''/40.6cm, Win11, M365*Office24, Glacier Silver, 1.59kg, fb0001QU, Backlit, Next-Gen AI Laptop","70,900",4.2 out of 5 stars,https://m.media-amazon.com/images/I/71yaFtjgRzL._AC_UY218_.jpg,Organic
HP Pavilion x360 Backlit KB Laptop,"84,700",4.1 out of 5 stars,https://m.media-amazon.com/images/I/618zAXbM4uL._AC_UY218_.jpg,Organic
"ASUS Chromebook CX1405 (2026), Intel N50 Processor, Intel UHD iGPU, 8GB RAM, 128GB SSD, FHD, 14"" (35.5 cm), Chrome OS, Pure Grey, 1.39 Kg, CX1405CTA-S60622, 42WHrs, Thin & Light Laptop","32,990",2.7 out of 5 stars,https://m.media-amazon.com/images/I/61d+uhYgdNL._AC_UY218_.jpg,Organic
"ASUS Zenbook 14,Intel Core Ultra 7 (Series 2), Intel Arc iGPU,32GB,1TB,3K OLED Touch Screen,14"",Windows 11,M365 Basic (1Year)*,Office 2024,Ponder Blue,1.28 kg UX3405CA-PZ163WS, Thin & Light Laptop","1,15,990",4.2 out of 5 stars,https://m.media-amazon.com/images/I/71PHl2RQHBL._AC_UY218_.jpg,Organic
"acer Nitro V 15, AMD Ryzen 7-7445HS, NVIDIA GeForce RTX 4050-6 GB, 16GB DDR5, 512GB SSD, FHD IPS, 15.6""/39.62cm, 165Hz, Win 11 Home, Obsidian Black, 2.1KG, ANV15-42, Gaming Laptop","78,990",3.8 out of 5 stars,https://m.media-amazon.com/images/I/51WgXPBL4nL._AC_UY218_.jpg,Organic
"Apple 2026 MacBook Neo 13"" Laptop with A18 Pro chip: Built for AI and Apple Intelligence, Liquid Retina Display, 8GB Unified Memory, 512GB SSD Storage, 1080p FaceTime HD Camera, Touch ID; Blush","74,999",5.0 out of 5 stars,https://m.media-amazon.com/images/I/61dLund7bhL._AC_UY218_.jpg,Organic
"EDNITA Mini Laptop Stand for Desk | Portable Metal PC Desk Stand, Aluminium Cooling Pad Mini Clip Compatible with MacBook Apple Laptop, Lenovo, Dell, Hp, Acer & Other Laptops Pack of-2 (Silver)",188,4.2 out of 5 stars,https://m.media-amazon.com/images/I/61ZejdSL77L._AC_UY218_.jpg,Organic
"HP 15, AMD Ryzen 3 7320U (8GB LPDDR5, 512GB SSD) FHD, Anti-Glare, Micro-Edge, 15.6""/39.6cm, Win 11, Office 21, Silver, 1.59kg, fc0154AU, AMD Radeon Graphics, 1080p FHD Camera Laptop","46,599",4.0 out of 5 stars,https://m.media-amazon.com/images/I/61SHFVKs+AL._AC_UY218_.jpg,Organic
"Lenovo V14 Intel Core i3 13th Gen 14"" FHD (1920x1080) Antiglare 250 Nits Thin and Light Laptop (8GB RAM/512GB SSD/Windows 11 Home/Office Home 2024/Iron Grey/1.43 kg), 83A0A0PBIN","63,990",4.9 out of 5 stars,https://m.media-amazon.com/images/I/71odoZVRgaL._AC_UY218_.jpg,Ad
"ASUS Vivobook 15,13th Gen,Intel Core i5-13420H(Intel UHD iGPU/16GB RAM/1TB SSD/FHD/15.6""/60Hz/Backlit Keyboard/Windows 11/M365 Basic (1Year)*/Office Home 2024/Quiet Blue/1.70 kg) X1502VA-BQ1297WS","69,990",4.5 out of 5 stars,https://m.media-amazon.com/images/I/81jbZxMzCJL._AC_UY218_.jpg,Ad
"Lenovo IdeaPad 1 AMD Ryzen 5 5500U 15.6"" HD Thin and Light Laptop (8GB RAM/512GB SSD/Windows 11 Home/Office Home 2024/1 Year ADP Free/Grey/1.6Kg), 82R4011MIN","47,898",4.1 out of 5 stars,https://m.media-amazon.com/images/I/71xHNSCyRsL._AC_UY218_.jpg,Organic
"Lenovo Yoga Slim 7, Intel Core Ultra 5 125H, 16GB RAM, 512GB SSD, AI PC, WUXGA-OLED, 14""/35.5cm, Windows 11, Microsoft 365 Basic + Office 2024, Grey, 1.39Kg, 83CV00DFIN, AI Powered Laptop","84,990",4.2 out of 5 stars,https://m.media-amazon.com/images/I/81PaO9Q1WFL._AC_UY218_.jpg,Organic
"Apple 2026 MacBook Air 13″ Laptop with M5 chip: AI and Apple Intelligence, 34.46 cm (13.6″) Liquid Retina Display, 16GB Unified Memory, 512GB SSD Storage, 12MP Center Stage Camera, Touch ID; Sky Blue","1,11,490",4.6 out of 5 stars,https://m.media-amazon.com/images/I/71kKQjKzW1L._AC_UY218_.jpg,Organic
"Apple 2026 MacBook Air 13″ Laptop with M5 chip: AI and Apple Intelligence, 34.46 cm (13.6″) Liquid Retina Display, 16GB Unified Memory, 512GB SSD Storage, 12MP Center Stage Camera, Touch ID; Silver","1,16,990",5.0 out of 5 stars,https://m.media-amazon.com/images/I/71upqrupfYL._AC_UY218_.jpg,Organic
"Apple 2026 MacBook Neo 13″ Laptop with A18 Pro chip: Built for AI and Apple Intelligence, Liquid Retina Display, 8GB Unified Memory, 256GB SSD Storage, 1080p FaceTime HD Camera; Citrus","67,900",4.6 out of 5 stars,https://m.media-amazon.com/images/I/61N2I4e0PNL._AC_UY218_.jpg,Organic
"Primebook 2 Neo (2026) | 6GB RAM, 128GB Storage (Upgradable Upto 512GB) | MediaTek Helio G99 | Android 15 (PrimeOS3.0) | in-Built AI | 11.6” Thin & Light Laptop | Type-C, USB, MicroSD Ports","19,990",4.4 out of 5 stars,https://m.media-amazon.com/images/I/713cu-sW3TL._AC_UY218_.jpg,Organic
"HP 14, Intel Core Ultra 5 125H (24GB DDR5, 1TB SSD), Micro-Edge, Anti-Glare, FHD, 14''/35.6cm, Win11, M365* Office24, Silver, 1.4kg, ep1180TU, FHD Camera, Backlit Laptop","83,490",3.8 out of 5 stars,https://m.media-amazon.com/images/I/81XstkrCA8L._AC_UY218_.jpg,Organic
"Apple 2026 MacBook Neo 13″ Laptop with A18 Pro chip: Built for AI and Apple Intelligence, Liquid Retina Display, 8GB Unified Memory, 256GB SSD Storage, 1080p FaceTime HD Camera; Blush","65,900",4.6 out of 5 stars,https://m.media-amazon.com/images/I/61dLund7bhL._AC_UY218_.jpg,Organic
"ASUS Vivobook 15, Intel Core i3 13th Gen 1315U, 12GB RAM, 512GB SSD, FHD 15.6"", Windows 11, Office Home 2024, Quiet Blue, 1.7Kg, X1504VA-BQ332WS, Intel UHD iGPU, M365 Basic (1Year)*, 42Whrs Laptop","45,990",4.2 out of 5 stars,https://m.media-amazon.com/images/I/71OUu3JeNIL._AC_UY218_.jpg,Ad
"acer Aspire Lite, 13th Gen, Intel Core i3-1305U, 16GB RAM, 512GB SSD, Full HD 15.6""/39.62 cm, Windows 11 Home, Steel Gray, 1.59 KG, AL15-53, Metal Body, 36 WHR, Thin and Light Premium Laptop","48,990",3.7 out of 5 stars,https://m.media-amazon.com/images/I/81A-ZqCxtlL._AC_UY218_.jpg,Ad
"ASUS Vivobook 15, Smartchoice,Intel Corei5 13thGen 13420H, 16GB RAM, 512GB SSD, FHD 15.6"", Win11, Office Home'24, M365 Basic (1Year)*, Cool Silver, 1.70kg, X1502VA-BQ835WS, Intel UHD iGPU, Laptop","59,990",4.2 out of 5 stars,https://m.media-amazon.com/images/I/81gNMbbeqvL._AC_UY218_.jpg,Ad
"Lenovo V15 Intel Core i5 13th Gen 15.6"" (39.62 cm) FHD (1920x1080) Antiglare 250 Nits Thin and Light Laptop (8GB RAM/512GB SSD/Windows 11 Home/Iron Grey/1Y Onsite +1Y ADP/1.65 kg), 83CC000EIN","57,910",N/A,https://m.media-amazon.com/images/I/41HjjJGoDYL._AC_UY218_.jpg,Ad
"Apple 2026 MacBook Air 13″ Laptop with M5 chip: AI and Apple Intelligence, 34.46 cm (13.6″) Liquid Retina Display, 16GB Unified Memory, 512GB SSD Storage, 12MP Center Stage Camera, Touch ID; Silver","1,16,990",5.0 out of 5 stars,https://m.media-amazon.com/images/I/71upqrupfYL._AC_UY218_.jpg,Organic
"HP 14, Intel Core Ultra 5 125H (24GB DDR5, 1TB SSD), Micro-Edge, Anti-Glare, FHD, 14''/35.6cm, Win11, M365* Office24, Silver, 1.4kg, ep1180TU, FHD Camera, Backlit Laptop","83,490",3.8 out of 5 stars,https://m.media-amazon.com/images/I/81XstkrCA8L._AC_UY218_.jpg,Organic
"Apple 2026 MacBook Neo 13″ Laptop with A18 Pro chip: Built for AI and Apple Intelligence, Liquid Retina Display, 8GB Unified Memory, 256GB SSD Storage, 1080p FaceTime HD Camera; Blush","65,900",4.6 out of 5 stars,https://m.media-amazon.com/images/I/61dLund7bhL._AC_UY218_.jpg,Organic
"ASUS Vivobook 15, Intel Core i3 13th Gen 1315U, 16GB RAM, 512GB SSD, FHD 15.6"", Touchscreen, Win11, Office Home 2024, M365 Basic (1Year)*, Quiet Blue, 1.7Kg, X1504VA-E83959WS, Intel UHD iGPU, Laptop","49,990",4.2 out of 5 stars,https://m.media-amazon.com/images/I/71VVn7vu2cL._AC_UY218_.jpg,Organic
"ASUS Vivobook 15, 13th Gen, Intel Core i3-1315U, 16GB RAM, 512GB SSD, FHD, Anti-Glare, 15.6"", 39.6 cm, Windows 11 Home, M365 Basic(1yr)* Office24, Quiet Blue, 1.70 kg, X1504VA-BQ342WS, Laptop","46,990",4.3 out of 5 stars,https://m.media-amazon.com/images/I/71OUu3JeNIL._AC_UY218_.jpg,Organic
"HP Victus, AMD Ryzen 7 7445HS, 4GB RTX 2050, 16GB DDR5(Upgradable) 512GB SSD, FHD, 144Hz, 300 nits, IPS, 15.6''/39.6cm, Win11, M365* Office24, Mica Silver, 2.29kg, fb3123AX, Backlit, Gaming Laptop","67,990",4.2 out of 5 stars,https://m.media-amazon.com/images/I/71qIJPTTD3L._AC_UY218_.jpg,Organic
"Dell Inspiron 15 DC15250 Laptop (Intel Core 3-100U, 8GB DDR5 RAM, 512GB SSD, 15.6"" Full HD Display, Windows 11 Home, MS Office 2024 + Microsoft 365, Carbon Black, 1 Year NBD Warranty)","46,490",N/A,https://m.media-amazon.com/images/I/71ZBa5+qu4L._AC_UY218_.jpg,Organic
"HP Omen, Intel Core i7-14650HX 14th Gen, 8GB RTX 5050, 24GB DDR5(Upgradeable) 1TB SSD, 165Hz, 2k WUXGA, 3ms, 400 nits, 16''/40.6cm, Win11, M365* Office24, Black, 2.43kg, am0241TX, RGB Gaming Laptop","1,40,990",4.3 out of 5 stars,https://m.media-amazon.com/images/I/710as3-Py1L._AC_UY218_.jpg,Organic
"Lenovo V14 Intel Core i3 13th Gen 14"" FHD (1920x1080) Antiglare 250 Nits Thin and Light Laptop (8GB RAM/512GB SSD/Windows 11 Home/Office Home 2024/Iron Grey/1.43 kg), 83A0A0PBIN","63,990",4.9 out of 5 stars,https://m.media-amazon.com/images/I/71odoZVRgaL._AC_UY218_.jpg,Ad
"acer Aspire Lite, 13th Gen, Intel Core i3-1305U, 16GB RAM, 512GB SSD, Full HD 15.6""/39.62 cm, Windows 11 Home, Steel Gray, 1.59 KG, AL15-53, Metal Body, 36 WHR, Thin and Light Premium Laptop","48,990",3.7 out of 5 stars,https://m.media-amazon.com/images/I/81A-ZqCxtlL._AC_UY218_.jpg,Ad
"acer AspireGo14, Intel Core Ultra5 125H AI Processor,Office 2024 + M365 Basic, 16 GB RAM, 512 GB SSD, WUXGA IPS, 14.0""/35.56 cm, Win 11 Home, Steel Gray, 1.5 kg, AG14-71M, Backlit KB, Premium Laptop","58,490",3.8 out of 5 stars,https://m.media-amazon.com/images/I/71JI131B9SL._AC_UY218_.jpg,Organic
STRIFF Adjustable Laptop Tabletop Stand Patented Riser Ventilated Portable Foldable Compatible with MacBook Notebook Tablet Tray Desk Table Book with Free Phone Stand (Black),249,4.3 out of 5 stars,https://m.media-amazon.com/images/I/71Zf9uUp+GL._AC_UY218_.jpg,Organic
"acer Aspire Lite, AMD Ryzen 7 7730U, Office 2024 + M365 Basic, 16 GB RAM, 512 GB SSD, Full HD IPS,15.6""/39.62 cm, Windows 11 Home, Steel Grey, 1.59 KG, AL15-41, Thin and Light Laptop","52,990",4.1 out of 5 stars,https://m.media-amazon.com/images/I/712x87tz2yL._AC_UY218_.jpg,Organic
"HP Omen, AMD Ryzen 9 8940HX, 8GB RTX 5070, 24GB DDR5(Upgradeable) 1TB SSD, 240Hz, 2k WUXGA, 3ms, 400 nits, 16''/40.6cm, Win11, M365* Office24, Black, 2.44kg, ap0182AX, RGB, AI Gaming Laptop","1,80,990",4.6 out of 5 stars,https://m.media-amazon.com/images/I/71nNdnlAs2L._AC_UY218_.jpg,Organic
"HP 14s Intel Celeron Dual Core N4500 Laptop (8GB/512GB SSD/Win 11) 14.0"" HD Display, MSO 24, Black, 1.46kg, DQ3149TU Thin and Light Business Laptop","40,900",3.3 out of 5 stars,https://m.media-amazon.com/images/I/61bRpOLNVKL._AC_UY218_.jpg,Organic
"Dell 15, Intel Core 3 14th Gen-100U, 16GB DDR4, 512GB SSD, FHD IPS, 15.6""/39.62cm, Windows 11, Microsoft Office Home 2024, Carbon Black, 1.63Kg, Thin & Light, Laptop Model NO - Dell 15 DCU5250","55,400",3.8 out of 5 stars,https://m.media-amazon.com/images/I/71I4NoKj-oL._AC_UY218_.jpg,Organic
"HP Professional 15 (2026), Intel (i3 14th Gen) Core 3 100U - (8 GB DDR5/512 GB SSD/Intel UHD Graphics/Windows 11 Pro) Thin & Light Business Laptop/15.6"" FHD/Fingerprint/Silver/1.5kg/MS Office","47,990",N/A,https://m.media-amazon.com/images/I/713Rk7E7dWL._AC_UY218_.jpg,Organic
"Lenovo IdeaPad Slim 3 13th Gen Core i5-13420H 15.3 inch (38.8cm) WUXGA IPS Laptop (16GB RAM/512GB SSD/Windows 11/Office Home 2024/Top Metal Cover/Backlit Keyboard/1Yr ADP/Grey/1.6Kg), 83K100S3IN","66,200",4.1 out of 5 stars,https://m.media-amazon.com/images/I/71D9HSayVSL._AC_UY218_.jpg,Organic
"ASUS Vivobook 15, Intel Core i3 13th Gen 1315U, 12GB RAM, 512GB SSD, FHD 15.6"", Windows 11, Office Home 2024, Cool Silver, 1.7Kg, X1504VA-BQ331WS, Intel UHD iGPU, Thin & Light, 42Whrs Laptop","45,990",4.2 out of 5 stars,https://m.media-amazon.com/images/I/71bIUPAleZL._AC_UY218_.jpg,Ad
"Lenovo IdeaPad Slim 3, 12th Gen Intel Core i5-12450H (16GB LPDDR5, 512GB SSD), Anti-glare, FHD 15.6""(39.6cm), Win 11, Office Home 2024, Arctic Grey, 1.62Kg, 83ER00MDIN, Thin & Light, Backlit KB Laptop","60,900",4.0 out of 5 stars,https://m.media-amazon.com/images/I/81leoJuYYaL._AC_UY218_.jpg,Ad
"ASUS Vivobook 15, Smartchoice,Intel Corei5 13thGen 13420H, 16GB RAM, 512GB SSD, FHD 15.6"", Win11, Office Home'24, M365 Basic (1Year)*, Cool Silver, 1.70kg, X1502VA-BQ835WS, Intel UHD iGPU, Laptop","59,990",4.2 out of 5 stars,https://m.media-amazon.com/images/I/81gNMbbeqvL._AC_UY218_.jpg,Ad
"Lenovo V14 Intel Core i3 13th Gen 14"" FHD (1920x1080) Antiglare 250 Nits Thin and Light Laptop (8GB RAM/512GB SSD/Windows 11 Home/Office Home 2024/Iron Grey/1.43 kg), 83A0A0PBIN","63,990",4.9 out of 5 stars,https://m.media-amazon.com/images/I/71odoZVRgaL._AC_UY218_.jpg,Ad
"Dell 15, Intel Core i3 13th Gen -1305U, 16GB DDR4, 512GB SSD, FHD, 15.6""/39.6cm, Windows 11, Microsoft Office Home 2024, Carbon Grey, 1.66Kg, [Vostro 3530], Intel UHD Graphics, Thin & Light Laptop","52,990",3.9 out of 5 stars,https://m.media-amazon.com/images/I/7156bBh8W2L._AC_UY218_.jpg,Organic
"HP 15, Intel Core 5-120U (16GB DDR4, 512GB SSD) FHD, Anti-Glare, Micro-Edge, 15.6''/39.6cm, Win11, M365 Basic(1yr), Office Home24, Silver,1.59kg, FD0640TU/fd0682tu, FHD Camera w/Shutter, BL Laptop","65,300",3.5 out of 5 stars,https://m.media-amazon.com/images/I/71Go8vTBwXL._AC_UY218_.jpg,Organic
"Apple 2026 MacBook Air 13″ Laptop with M5 chip: AI and Apple Intelligence, 34.46 cm (13.6″) Liquid Retina Display, 16GB Unified Memory, 512GB SSD Storage, 12MP Center Stage Camera, Touch ID; Silver","1,16,990",5.0 out of 5 stars,https://m.media-amazon.com/images/I/71upqrupfYL._AC_UY218_.jpg,Organic
HP Pavilion x360 Backlit KB Laptop,"84,700",4.1 out of 5 stars,https://m.media-amazon.com/images/I/618zAXbM4uL._AC_UY218_.jpg,Organic
"Educational Laptop Computer Toy for Kids Above 3 Years - 20 Fun Activity Learning Machine, Now Learn Letter, Words, Games, Mathematics, Music, Logic, Memory Tool",699,5.0 out of 5 stars,https://m.media-amazon.com/images/I/81n7Wpjx9ML._AC_UY218_.jpg,Organic
"ASUS Chromebook CX1405 (2025), Intel Core 3-N355, 8GB RAM, 128GB SSD, FHD 14""(35.56cm), Chrome OS, Pure Grey, 1.38Kg, CX1405CTA-S60724, Intel UHD Graphics, 42WHrs, Thin & Light Laptop","34,490",4.5 out of 5 stars,https://m.media-amazon.com/images/I/71LikKalsOL._AC_UY218_.jpg,Organic
"HP Smartchoice Victus, AMD Ryzen 7 7445HS, 6GB RTX 3050, 16GB DDR5(Upgradeable) 512GB SSD, FHD, 144Hz, 300 nits, 15.6''/39.6cm, Win 11, M365* Office24, Blue, 2.29kg, fb3134AX/3120ax, Gaming Laptop","89,990",4.1 out of 5 stars,https://m.media-amazon.com/images/I/71o5eHSQiKL._AC_UY218_.jpg,Organic
"HP 15 255R G10, AMD Ryzen 5 7535U Hexa Core (6 Core, 12 Threads, 2.9 to Max 4.3 Ghz) (8 GB/512 GB SSD/AMD Radeon Graphics/dos) Thin and Light Laptop(15.6 inch HD Display, Matt Silver, 1.45","46,849",4.7 out of 5 stars,https://m.media-amazon.com/images/I/71rDlgf2Q6L._AC_UY218_.jpg,Organic
"Lenovo V15 Intel Core i5 13th Gen 15.6"" (39.62 cm) FHD (1920x1080) Antiglare 250 Nits Thin and Light Laptop (8GB RAM/512GB SSD/Windows 11 Home/Iron Grey/1Y Onsite +1Y ADP/1.65 kg), 83CC000EIN","57,910",N/A,https://m.media-amazon.com/images/I/41HjjJGoDYL._AC_UY218_.jpg,Ad
"HP 15, 13th Gen Intel Core i5-1335U (16GB DDR4,512GB SSD) FHD, Anti-Glare,Micro-Edge, 15.6''/39.6cm, Win11, M365(1yr)* Office24, Silver,1.59kg, fd0467tu, Iris Xe, FHD Camera w/Shutter, Backlit Laptop","59,990",4.0 out of 5 stars,https://m.media-amazon.com/images/I/71r0BBNmBOL._AC_UY218_.jpg,Ad
"Dell 15 Laptop, 14th Gen Intel Core 3 100U Processor, 16GB DDR4, 512 SSD, Intel UHD Graphics, 15.6"" NT FHD 120Hz IPS AG 250 nit Display, Win 11 + Office H&S 2024, Carbon Black, Thin & Light- 1.63Kg","59,990",3.0 out of 5 stars,https://m.media-amazon.com/images/I/71ZBa5+qu4L._AC_UY218_.jpg,Organic
"Apple 2026 MacBook Air 13″ Laptop with M5 chip: AI and Apple Intelligence, 34.46 cm (13.6″) Liquid Retina Display, 16GB Unified Memory, 512GB SSD Storage, 12MP Center Stage Camera, Touch ID; Midnight","1,11,490",4.4 out of 5 stars,https://m.media-amazon.com/images/I/71eX66ytH+L._AC_UY218_.jpg,Organic
"HP Omen, Intel Core i7-14650HX 14th Gen, 8GB RTX 5050, 24GB DDR5(Upgradeable) 1TB SSD, 165Hz, 2k WUXGA, 3ms, 400 nits, 16''/40.6cm, Win11, M365* Office24, Black, 2.43kg, am0241TX, RGB Gaming Laptop","1,40,990",4.3 out of 5 stars,https://m.media-amazon.com/images/I/710as3-Py1L._AC_UY218_.jpg,Organic
"acer Aspire Lite, AMD Ryzen 7 7730U, Office 2024 + M365 Basic, 16 GB RAM, 512 GB SSD, Full HD IPS,15.6""/39.62 cm, Windows 11 Home, Steel Grey, 1.59 KG, AL15-41, Thin and Light Laptop","52,990",4.1 out of 5 stars,https://m.media-amazon.com/images/I/712x87tz2yL._AC_UY218_.jpg,Organic
"Lenovo Smartchoice Ideapad 5 2-in-1 13th Gen Intel Core i5-13420H (16GB RAM/512GB SSD/Windows 11/Office Home 2024/WUXGA IPS/14 (35.5cm)/Touchscreen 2-in-1/3Mon.Game Pass/Grey/1.6kg), 83KX0059IN Laptop","74,490",4.0 out of 5 stars,https://m.media-amazon.com/images/I/61XOR7fpbVL._AC_UY218_.jpg,Organic
"Apple 2026 MacBook Neo 13″ Laptop with A18 Pro chip: Built for AI and Apple Intelligence, Liquid Retina Display, 8GB Unified Memory, 256GB SSD Storage, 1080p FaceTime HD Camera; Silver","65,900",4.6 out of 5 stars,https://m.media-amazon.com/images/I/61amETli1DL._AC_UY218_.jpg,Organic
"acer Nitro V 15, AMD Ryzen 5 6600H Hexa-core Processor,NVIDIA GeForce RTX 4050-6GB GDDR6,16 GB, 512 GB, Full HD IPS, 15.6""/39.62 cm, 165 Hz, Win 11 Home,Obsidian Black, 2.1 kg, ANV15-41,Gaming Laptop","75,990",4.3 out of 5 stars,https://m.media-amazon.com/images/I/71l3rBy8IPL._AC_UY218_.jpg,Organic
"HP Omen, AMD Ryzen 9 8940HX, 8GB RTX 5070, 24GB DDR5(Upgradeable) 1TB SSD, 240Hz, 2k WUXGA, 3ms, 400 nits, 16''/40.6cm, Win11, M365* Office24, Black, 2.44kg, ap0182AX, RGB, AI Gaming Laptop","1,80,990",4.6 out of 5 stars,https://m.media-amazon.com/images/I/71nNdnlAs2L._AC_UY218_.jpg,Organic
"acer Aspire Lite, 13th Gen, Intel Core i3-1305U, 16GB RAM, 512GB SSD, Full HD 15.6""/39.62 cm, Windows 11 Home, Steel Gray, 1.59 KG, AL15-53, Metal Body, 36 WHR, Thin and Light Premium Laptop","48,990",3.7 out of 5 stars,https://m.media-amazon.com/images/I/81A-ZqCxtlL._AC_UY218_.jpg,Ad
"ASUS Vivobook 15, Intel Core i3 13th Gen 1315U, 12GB RAM, 512GB SSD, FHD 15.6"", Windows 11, Office Home 2024, Quiet Blue, 1.7Kg, X1504VA-BQ332WS, Intel UHD iGPU, M365 Basic (1Year)*, 42Whrs Laptop","45,990",4.2 out of 5 stars,https://m.media-amazon.com/images/I/71OUu3JeNIL._AC_UY218_.jpg,Ad
